title,company,salary_from,salary_to,salary_currency,skills,experience,has_higher_education,requirements,responsibilities
DevOps-инженер,Цифров,,,,"Kubernetes, DevOps, Grafana, Prometheus, RabbitMQ, Kafka, PostgreSQL, Docker, Linux, Terraform, Ubuntu, CentOS, Ansible, Debian",От 3 до 6 лет,False,,
LLMOps engineer,CoIT,,400000,RUR,"Kubernetes, Azure, CI/CD, AWS, GCP (Good Clinical Practice)",От 3 до 6 лет,True,,
Data Engineer (Big Data),Платформа ОФД,,,,"Python, Java, Scala, SQL, Big Data, Hadoop",От 1 года до 3 лет,False,,
Бизнес-аналитик (ООО Салют для бизнеса),Салют для Бизнеса,,,,"Бизнес-анализ, Управление ожиданиями, LLM, ML, data science, AI",От 1 года до 3 лет,False,,
Senior ML Engineer/ML Team Lead (CV),ДВ СМАРТ,200000,350000,RUR,"Python, Управление командой, PyTorch, Алгоритмы и структуры данных, OpenCV, Deep Learning, GitLab CI",От 3 до 6 лет,True,,
"Научный сотрудник (Цифровая обработка сигналов, DSP)",The Skolkovo Institute of Science and Technology,,,,,От 3 до 6 лет,True,,
Prompt-инженер (Специалист по работе с ИИ),Фонд капитального ремонта общего имущества многоквартирных домов,150000,,RUR,"Информационные технологии, ИТ-инфраструктура, Работа с большим объемом информации, Ответственность, Работа в команде, LLM, Python, PROMT",От 1 года до 3 лет,False,,
Middle+ / Senior Data-аналитик,Линсофтверпродакшн,200000,300000,RUR,"Big Data, pandas, Математическая статистика, SQL, Git, ETL, Hadoop, Java, Python, Groovy, Atlassian Jira, Atlassian Confluence",Более 6 лет,True,,
Начальник отдела систем компьютерного зрения (Computer Vision Engineer),НПО ПКРВ-Иннополис,300000,,RUR,,От 3 до 6 лет,False,,
Биоинформатик / Data-Engineer,Онкодиагностика Атлас,,,,"знаниt методологии NGS, Знание молекулярной биологии, Linux, Git, Python, MySQL",От 1 года до 3 лет,False,,
ML-инженер,ДАЛКОС,250000,,RUR,,От 1 года до 3 лет,False,,
ML-инженер,Sigma Academy (АНО ДПО МУЦ ИТ),,,,,Более 6 лет,True,,
ML Ops Engineer (рекомендательные системы),Flowwow,,,,"Kubernetes, Yandex Cloud, MLflow, Apache Airflow, Helm",Более 6 лет,False,,
Data Engineer,Онлайн-школа Тетрика,,,,"Data, ETL, PostgreSQL, Airflow, Python, SQL, ETL/ELT",От 1 года до 3 лет,False,,
Аналитик данных,Юрент,,,,"SQL, Маркетинговые метрики, Python",От 3 до 6 лет,False,,
Data engineer/ ETL (Spark) разработчик (Трайб Data Office),АО «ОТП Банк» (JSC «OTP Bank»),,,,,От 3 до 6 лет,False,,
Специалист машинного обучения (Middle ML engineer),Совкомбанк Технологии,,,,,От 3 до 6 лет,False,,
Эксперт ИБ MLSecOps (Безопасность моделей машинного обучения),АО «ОТП Банк» (JSC «OTP Bank»),,,,,От 3 до 6 лет,False,,
Middle DevOps Engineer (AI & Football Analytics),СБЕР,,,,,От 3 до 6 лет,False,,
ML Ops,Кибертех-Сигнал,,,,"C++, FastAPI, Flask",От 3 до 6 лет,False,,
Тимлид продуктовой аналитики (Travelpayouts),Aviasales.ru,,,,"SQL, Python",Более 6 лет,False,,
CV Engineer (Видеоаналитика),ТЕХНОЛОГИИ ОТРАСЛЕВОЙ ТРАНСФОРМАЦИИ,,,,"Computer Vision, Python, ONNX, PyTorch, TensorFlow, TorchScript, TensorRT, OpenCV, FFmpeg, inference, batching, quantization",От 3 до 6 лет,False,,
Senior ML Engineer/ML Team Lead,ПРОКАТТ,,,,,Более 6 лет,False,,
Deep Learning Engineer в команду AI Core (VLM модели),Navio (ООО Автотех),,,,,Более 6 лет,False,,
Product Owner (проект Паспорт Здоровья),Группа компаний МЕДСИ,,,,,От 3 до 6 лет,False,,
ML-инженер,Marfatech,,,,"Python, SQL",От 1 года до 3 лет,False,,
Data Scientist / DL Engineer,АЙ-ЭКСП,150000,,RUR,,От 3 до 6 лет,False,,
Инженер по внедрению ИИ (AI Engineer / LLM Developer),Алфарма,,,,,От 1 года до 3 лет,False,,
Team Lead,"МАГНИТ, Розничная сеть",,,,,Более 6 лет,False,,
DevOps Engineer (Big Data / Data Engineering),TEAMSCORE,,,,"DevOps, CI/CD, Ansible, Puppet, Apache Kafka, Prometheus, Grafana, Bash, Python, PostgreSQL",От 1 года до 3 лет,False,,
Стажер Data scientist,Банк ПСБ,,,,,Нет опыта,False,,
Senior Data Analyst (Medtech),evrone.ru,,350000,RUR,"SQL, Python, Английский язык, Визуализация данных, Tableau, Power BI",От 3 до 6 лет,True,,
Senior Product Manager (Портал «Рамблер»),Rambler&Co,,,,,От 3 до 6 лет,False,,
Product Analyst,Aviasales.ru,,,,,От 3 до 6 лет,False,,
Data Scientist/ML-инженер (OCR),Ингосстрах,,,,,От 1 года до 3 лет,False,,
DevOps lead/Старший системный инженер,BI.ZONE,,,,"Linux, Docker, Kubernetes, Ansible",От 3 до 6 лет,False,,
Team lead DevOps/Руководитель группы DevOps,BI.ZONE,,,,"Ansible, Kubernetes, Terraform, CI/CD",От 3 до 6 лет,False,,
Senior ML Engineer,High Sky,4000,8000,USD,"Computer Science, NLP, CV, Computer Vision, Deep Learning",Более 6 лет,True,,
Senior ML Engineer (ASR/TTS),Oh! My Gadget!,150000,200000,RUR,"Python, TTS, ASR",От 3 до 6 лет,False,,
ML-инженер (Computer Vision),Октопустех,,,,"Python, PyTorch, OpenCV, Object Detection, YOLO, Computer Vision, Detectron2, COCO, CVAT, ONNX, TensorRT, Docker, FastAPI, Git, Numpy, pandas, Albumentations, Model Optimization, Real-time Inference, MLflow, Weights & Biases, SQL, CUDA, Face Recognition, Video Processing",От 3 до 6 лет,True,,
Senior,It Sokol,150000,220000,RUR,"Информационные технологии, Управление командой, IIot",От 1 года до 3 лет,False,,
Руководитель группы продуктовых сценариев,VK,,,,,От 3 до 6 лет,False,,
Руководитель группы качества ранжирования клипов,VK,,,,,От 3 до 6 лет,False,,
Middle ML Engineer,Voximplant,,,,,От 1 года до 3 лет,False,,
ML Engineer,IT Solutions Management International Pte. Ltd.,117000,117000,RUR,"ML, Deep Learning, Python, Docker, ООП, Git, LLM, RAG, MySQL, Langchain",От 1 года до 3 лет,False,,
Инженер по Threat Hunting и AI Security,Т-Банк,,,,,От 3 до 6 лет,False,,
Senior MLOps в команду MlOps платформы,HeadHunter,,,,"Python, MlOps, CI/CD, ML, DS, LLM",Более 6 лет,False,,
"Product Lead (OfferWalls, AI)",Flocktory,,,,,Более 6 лет,False,,
MLOps - инженер,Инфосистемы Джет,,,,"Python, Jupyter Hub/Lab, Apache Airflow, GitLab CI, Grafana, Docker, Kubernetes, OpenShift, Prometheus, Ceph, MLflow, DVC, Nvidia GPU Operator",От 3 до 6 лет,False,,
Data Engineer [Middle],Диплей,,,,"ETL, Clickhouse, Python",От 1 года до 3 лет,True,,
ML-engineer,Платформа Трим,,,,,От 3 до 6 лет,False,,
Менеджер MLOps Engineering (ML-конвейра),Инфосистемы Джет,,,,"Gitlab, Kubernetes, Jupyter Lab, Python, MS Office, Atlassian Jira, Atlassian Confluence",От 3 до 6 лет,False,,
ML-инженер,Альфа-Банк,,160000,RUR,"Машинное обучение, Python, Scikit-learn, Numpy, Алгоритмы ML, Компьютерное зрение, Генерация изображений, Full-Stack разработка, MS SQL, Git",От 1 года до 3 лет,False,,
Ведущий ML-программист (Ценообразование и Прогноз Спроса),Техвилл (ООО Автомакон),,470000,RUR,"Python, PyTorch, TensorFlow, Keras, XGBoost, LightGBM, CatBoost, pandas, SQL",От 3 до 6 лет,False,,
ML инженер (LLM),1С,,,,,Более 6 лет,False,,
Backend-разработчик Python (AI / RAG-системы),B2B-Center,,,,,От 1 года до 3 лет,False,,
LLM Engineer,МФТИ,250000,400000,RUR,,От 1 года до 3 лет,True,,
"AI/ML Engineer (RAG, Multi-Agent Systems, Orchestration)",Филиал The Visa Services в г. Москва,2500,5000,USD,"Английский язык, Python",От 3 до 6 лет,False,,
Data Engineer (в Тбилиси),TradingView,,,,"Docker, SQL, ETL",От 3 до 6 лет,False,,
"Инженер-архитектор IT оборудования (серверное оборудование, СХД)",Атлас,,,,"Системная интеграция, ИТ-архитектура, Серверное оборудование, СХД",От 3 до 6 лет,False,,
Mid+/Senior Petroleum Data Scientist /AI/ML & LLM в геологии и разработке нефтегазовых месторождений,Aramco Innovations,,,,"Python, PyTorch, TensorFlow, Hugging Face, Scikit-learn, ML, Git, Linux",Более 6 лет,False,,
Руководитель разработки O2,Positive Technologies,,,,,Более 6 лет,False,,
Golang + React(TS) + Postgres Fullstack разработчик (SaaS platform/constructor),IT Vectura,,,,"Golang, Python, Docker, Git, Разработка ПО, React, Проектирование высоконагруженных систем, Аналитическое мышление",От 3 до 6 лет,False,,
Аналитик (ML Engineer),Kaiten,,,,,От 3 до 6 лет,False,,
"Data Engineer (МТС Веб Сервисы, КИОН)",МТС,,,,,От 3 до 6 лет,False,,
Frontend-разработчик,Системная Интеграция,,,,,От 3 до 6 лет,False,,
Разработчик ML/RL,Техвилл (ООО Автомакон),,500000,RUR,"Python, MLflow",От 3 до 6 лет,False,,
Machine Learning Engineer/MLOps,Международная медиагруппа Россия сегодня (МИА Россия сегодня),,,,,От 3 до 6 лет,True,,
Python- разработчик (ML Engineer),Kaiten,,,,"Python, SQL, Pytest",От 3 до 6 лет,False,,
LLM / ML / AI Engineer,Консоль.Про,,400000,RUR,,От 1 года до 3 лет,False,,
Data Scientist,Детский мир,,300000,RUR,"Python, Apache Airflow",От 3 до 6 лет,True,,
ML инженер/Machine Learning engineer (Python),Spice IT,,,,"Python, PyTorch, NLP, Scikit-learn, ML, СУБД",От 3 до 6 лет,True,,
ML engineer,Innovative People,,,,"ML, Machine Learning, RecSys, Python",От 3 до 6 лет,False,,
ML/AI Разработчик,Kodix,,200000,RUR,Python,От 1 года до 3 лет,False,,
Системный инженер kubernetes,Рунити,,,,"Linux, Kubernetes",От 3 до 6 лет,False,,
Старший backend-разработчик (Python) в AHUB:AI,AlumniHub,5000,,USD,"Python, Английский язык, LLM, PostgreSQL, Разработка",Более 6 лет,False,,
Data Scientist (Блок Финансы),СБЕР,,,,,От 1 года до 3 лет,False,,
Системный аналитик (генеративные технологии),Интернет-энциклопедия РУВИКИ,,,,,От 1 года до 3 лет,False,,
ML Engineer (Code Assistant ML RnD),Яндекс,,,,"Python, ML, NLP, LLM, RAG, DSSM, AI, RnD",От 1 года до 3 лет,False,,
Senior Product Analyst (AB testing),Flocktory,,,,,От 3 до 6 лет,False,,
"Middle +/ Senior Data Scientist (AdTech, предсказательные модели) (офис)",Hyper AdTech,200000,300000,RUR,"Python, pandas, Numpy, R, Scikit-learn, Matplotlib, SciPy, Keras, PyTorch, TensorFlow",От 3 до 6 лет,False,,
QA Automation Engineer,Риверстарт,160000,200000,RUR,"Python, Java, API, SQL, Apache Kafka, RabbitMQ, Написание автотестов",От 3 до 6 лет,False,,
ИТ-Лидер команды (Внедрение ML решений),Т1,,,,"Управление командой, Постановка задач разработчикам, Machine Learning, Python, SQL, Hadoop, Spark, Apache Airflow",От 3 до 6 лет,True,,
Middle/Senior ML-инженер,Альфа-Банк,,,,"Машинное обучение, Python, Scikit-learn, Numpy, Алгоритмы ML, Компьютерное зрение, Генерация изображений, Full-Stack разработка, MS SQL, Git",От 3 до 6 лет,False,,
"Middle ML Engineer (Computer Vision & NLP, Python / Golang, on-premise)",Anykey,350000,,RUR,"Python, PyTorch, C++, Golang, Docker",От 1 года до 3 лет,False,,
Инженер по интеграции ИИ-решений,Корпорация Галактика,,,,,От 3 до 6 лет,False,,
ML-инженер,Октопустех,,,,"text2text, LLM, token-classification, NER, fine-tuning, RAG, Hugging Face, Python, Linux, Jupyter Notebook, Git, CI/CD, Jira, open-source модели, обучение моделей",От 3 до 6 лет,False,,
Data Engineer (RnD),СБЕР,,,,,От 1 года до 3 лет,False,,
Старший разработчик Python,OpenWeather Ltd.,300000,400000,RUR,,От 3 до 6 лет,False,,
Инженер по эксплуатации ML-платформы,Яндекс,,,,"Linux, Docker, Python",От 3 до 6 лет,False,,
Data Scientist,Цифровые технологии и платформы,,,,"Python, pandas, SQL",От 1 года до 3 лет,False,,
Инженер данных (Senior),ГКУ Инфогород,,,,"SQL, Анализ данных, Аналитическое мышление, Работа с большим объемом информации, Основы баз данных, Извлечение данных, Python, Предобработка данных",Более 6 лет,False,,
ИИ инженер в юридическую фирму,Мэджик Стафф,300000,,RUR,,От 1 года до 3 лет,False,,
Tech lead (команда Gigachat Data),СБЕР,,,,,Более 6 лет,False,,
Руководитель Сервисных-проектов (ML и интеграция),NVI Solutions LLC,230000,250000,RUR,"Управление проектами, Управление рисками, Аналитическое мышление, Грамотная речь, Проведение презентаций, Управление командой, Управление ресурсами, MS Project, Kanban, ML, ITSM, Бизнес-анализ",От 3 до 6 лет,False,,
Middle Machine Learning Engineer,Рыбаков Алексей Николаевич,170000,280000,RUR,Machine Learning,От 1 года до 3 лет,False,,
ML Engineer,Эвотор,,,,"NLP, Python, ML, PyTorch, LLM, FastAPI, RAG",От 3 до 6 лет,False,,
Middle DevOps Engineer,USETECH,,,,"Docker, Kubernetes, Ansible, GitLab CI",От 3 до 6 лет,False,,
AI Engineer,Диджитал Лайн,,,,,От 3 до 6 лет,False,,
ML Engineer (Team Search),"МАГНИТ, Розничная сеть",,,,,От 1 года до 3 лет,False,,
Middle product analyst (monetization),Циан,,,,"SQL, Python, Продуктовые метрики, Визуализация данных, A/B тесты",От 3 до 6 лет,True,,
"Data Scientist / ML Engineer (маркетплейсы, CTR-модели, Computer Vision)",Богданов Денис Александрович,250000,350000,RUR,,От 1 года до 3 лет,False,,
ML-инженер,МОБИЛЬНЫЕ ТЕХНОЛОГИИ,200000,,RUR,,От 1 года до 3 лет,False,,
ML - инженер (СКАН),Интерфакс,,,,"Python, NLP, ML, FastAPI, MLflow, Dagster, AirFlow, Git, Docker, SQL",От 3 до 6 лет,False,,
"Tech Lead / Python-разработчик (ML, Нейросети, Автономные агенты)",СБЕР,,,,,От 3 до 6 лет,False,,
Технический писатель (в IT),Риверстарт,130000,150000,RUR,"Работа с большим объемом информации, Написание текстов, Разработка технических заданий, Техническая документация, Проектная документация, ГОСТ, Деловая коммуникация, Грамотная устная и письменная речь, Написание инструкций",От 3 до 6 лет,False,,
Senior ML-engineer/MLOps,АО «ОТП Банк» (JSC «OTP Bank»),,,,,От 3 до 6 лет,False,,
ML Validation Engineer,АО «ОТП Банк» (JSC «OTP Bank»),,,,,От 3 до 6 лет,False,,
ML-разработчик (Getblogger),МТС,,,,"Python, spaCy, XGBoost, PyTorch, pandas, Jupyter Notebook",От 1 года до 3 лет,False,,
"Инженер машинного обучения C++ (офис, Москва)",Heaad,300000,350000,RUR,,От 3 до 6 лет,False,,
Data Product Manager,Про.Потолок,3500,5000,RUR,"Управление продуктом, Data Analysis, Business intelligence, Architecture, API, SQL, Управление требованиями, Roadmap, MVP, Анализ данных, Tableau, Power BI, Agile, Scrum",Более 6 лет,False,,
"ML/AI инженер (Senior), страхование",SkillStaff,,,,"MLflow, Python, pandas",От 3 до 6 лет,False,,
Технический директор (CTO),Yudaev.School,,,,"Управление командой, Постановка задач разработчикам, Бизнес-анализ, DevOps, Scrum, Лидерство, Оптимизация бизнес-процессов, Стратегическое мышление",От 3 до 6 лет,False,,
ML-инженер,Медиа Бизнес Солюшенс,,,,,От 3 до 6 лет,True,,
ML-инженер,Федюнин Иван Викторович,250000,400000,RUR,"Machine Learning, ML, AI, TTS, Text to speech, Deep Learning, Анализ данных, Языковые модели, Python",От 1 года до 3 лет,False,,
Эксперт/Senior эксперт Продвинутая аналитика и моделирование (Data Scientist/ML-инженер),Банк ДОМ.РФ,,,,"XGBoost, Математическая статистика, Scikit-learn, PyTorch, Matplotlib, pandas, Numpy, Python, SQL, LightGBM",От 1 года до 3 лет,False,,
Эксперт/Senior эксперт Продвинутая аналитика и моделирование (Data Scientist/ML-инженер),Банк ДОМ.РФ,,,,"XGBoost, Математическая статистика, Scikit-learn, PyTorch, Matplotlib, pandas, Numpy, Python, SQL, LightGBM",От 1 года до 3 лет,False,,
Эксперт/Senior эксперт Продвинутая аналитика и моделирование (Data Scientist/ML-инженер),Банк ДОМ.РФ,,,,"XGBoost, Математическая статистика, Scikit-learn, PyTorch, Matplotlib, pandas, Numpy, Python, SQL, LightGBM",От 1 года до 3 лет,False,,
Эксперт/Senior эксперт Продвинутая аналитика и моделирование (Data Scientist/ML-инженер),Банк ДОМ.РФ,,,,"XGBoost, Математическая статистика, Scikit-learn, PyTorch, Matplotlib, pandas, Numpy, Python, SQL, LightGBM",От 1 года до 3 лет,False,,
ML Data Engineer (GigaChat Alignment),СБЕР,,,,,От 1 года до 3 лет,False,,
MLOps инженер/консультант,БЕРГЕР,200000,300000,RUR,,От 1 года до 3 лет,False,,
Тимлид продуктовой аналитики,РОССКО,,,,"SQL, Python, Продуктовые метрики, Power BI, Unit-экономика, Маркетинговые метрики, DWH, Clickhouse",От 3 до 6 лет,False,,
Руководитель группы фронтенд-разработки,Цифров,,,,"JavaScript, TypeScript, React, REST API",Более 6 лет,False,,
DevOps-инженер,Цифровые технологии и платформы,,,,,От 3 до 6 лет,False,,
Промт-инженер / Promt Engineer,Алкогольный холдинг Руст,,,,,От 1 года до 3 лет,False,,
Middle/Senior Data Scientist / ML Engineer в команду Прогноза промо-продаж,X5 Tech,,,,"Python, Big Data, Spark",От 3 до 6 лет,False,,
Data Scientist в команду Пополнения,X5 Tech,,,,"Python, Алгоритмы и структуры данных, SQL, Big Data",От 3 до 6 лет,False,,
Senior Data Scientist/ML Engineer в команду Чековой аналитики,X5 Tech,,,,"Python, Big Data, Hadoop, Spark",От 3 до 6 лет,False,,
Руководитель группы бэкенд-разработки,Цифров,,,,"Kotlin, Java, Spring Boot, Kafka, RabbitMQ, REST API, PostgreSQL, Bitbucket, Git, Kibana, Grafana",Более 6 лет,False,,
ML-инженер (middle/middle+),OneTwoTrip,,,,"Python, SQL, Docker",От 1 года до 3 лет,False,,
ML-инженер,Азиатско-Тихоокеанский Банк,,,,"MLflow, Apache Airflow, Базы данных, Аналитическое мышление, Linux, Docker, Python",От 1 года до 3 лет,False,,
ML Engineer (Speech),VS Robotics (ООО АБТ),,,,,От 3 до 6 лет,False,,
C++ developer [Middle],Диплей,,,,,От 3 до 6 лет,False,,
DevOps инженер,Bell Integrator Регионы,,,,"Linux, Ansible, Docker, Kubernetes, OpenShift, Kafka, Jenkins, Prometeus, Yandex Cloud",От 1 года до 3 лет,False,,
Руководитель группы по разработке интеллектуальных систем,Кибертех-Сигнал,,,,"C++, FastAPI, Flask",От 3 до 6 лет,False,,
ML-инженер (Python),Rocket Science,,,,,От 1 года до 3 лет,False,,
Руководитель проектов по внедрению искусственного интеллекта,ГКУ Инфогород,,,,"Искусственный интеллект, LLM, ML-проекты",От 3 до 6 лет,False,,
Middle/Senior Data Scientist,IMOT.IO,,350000,RUR,"Python, pandas, PyTorch, Natural Language Processing, SQL",От 3 до 6 лет,False,,
Lead Data Scientist/Руководитель направления (NLP),Ингосстрах,,,,"Data Science, Machine Learning, NLP",От 3 до 6 лет,True,,
Senior Data Scientist,Диджитал Лайн,200000,,RUR,,От 3 до 6 лет,False,,
Data Engineer в ML команду,X5 Digital,,,,"Python, SQL, Spark",От 3 до 6 лет,False,,
Robotics Software Engineer,Техвилл (ООО Автомакон),,500000,RUR,,Более 6 лет,False,,
Python-разработчик,RoRe Group,,,,,От 3 до 6 лет,False,,
Разработчик AI-агентов (Исследования и AI),СБЕР,,,,,От 3 до 6 лет,False,,
Machine Learning Engineer в группу контекстных рекомендаций в VK Видео,VK,,,,"Машинное обучение, Machine Learning",От 3 до 6 лет,False,,
Data Engineer (Ведущий инженер систем больших данных),X5 Tech,,,,,Нет опыта,False,,
Администратор IT-систем / SRE (GigaChat),СБЕР,,,,,От 3 до 6 лет,False,,
Выездной инженер технической поддержки/системный администратор,АДС-Cофт,,,,,От 1 года до 3 лет,False,,
ML Lead,Brand Analytics,,,,,Более 6 лет,False,,
Инженер данных внешних источников,«ОХК «Уралхим»,,,,"PostgreSQL, MongoDB, Clickhouse, ETL, Apache Airflow, Python, pandas",От 1 года до 3 лет,False,,
Специалист по патентной охране интеллектуальной собственности,Империус Групп,,,,"Интеллектуальная собственность, Патентное право, Цифровое право, Работа с большим объемом информации, Работа с документами, оформление документации, Патентный поиск, DeepTech, Наука и техника, Подготовка презентаций, Аналитические исследования",От 3 до 6 лет,True,,
Data Scientist (Блок Финансы),СБЕР,,,,,От 3 до 6 лет,False,,
"Старший инженер по автоматизации тестирования Python, Рантайм поиска и индексация",Ozon,,,,"IT, Разработка поисковых технологий, Python, Java",От 3 до 6 лет,False,,
ML Engineer/Data Scientist на продукт Ценообразование,X5 Tech,,,,"Python, Hadoop, Spark, Apache Hive, PyTorch, PostgreSQL",От 3 до 6 лет,False,,
Сетевой инженер,Т-Банк,,,,,От 1 года до 3 лет,False,,
Senior MLOps Engineer,Страховая компания Сбербанк страхование,,,,,Более 6 лет,False,,
"Эксперт/Senior эксперт Продвинутая аналитика и моделирование (Data Scientist, ML-инженер)",Банк ДОМ.РФ,,,,"XGBoost, Математическая статистика, Scikit-learn, PyTorch, Matplotlib, pandas, Numpy, Python, SQL, LightGBM",От 1 года до 3 лет,False,,
ML/CV-engineer middle,Рок Энд Милл,,,,,От 3 до 6 лет,True,,
Технический продакт менеджер,РТС-тендер,,,,"Python, Управление продуктом, Управление командой",От 3 до 6 лет,False,,
MLSecOps-инженер,Т-Банк,,,,"Python, MLOps, PyTorch, SAST, Go",От 3 до 6 лет,False,,
Инженер сопровождения инфраструктуры L3 DataSoft (Devops),Ecom.tech,,,,"Linux, Docker, Big Data, Grafana, Prometheus, Git",От 1 года до 3 лет,False,,
ML-engineer (GigaChat Data Alignment),СБЕР,,,,,От 3 до 6 лет,False,,
Fullstack AI Developer,Спейс Тревел,,,,"Python, Flask, JavaScript, CSS, LLM, FastAPI, Docker",От 1 года до 3 лет,False,,
Руководитель ИИ-проектов / AI Project Manager,Первый Бит,,,,,От 3 до 6 лет,False,,
DevOps-инженер в Лабораторию AI,Первый Бит,,,,,От 3 до 6 лет,False,,
Junior Software Developer,Медиапоинт,,,,,От 1 года до 3 лет,False,,
Senior Data Scientist,S7 Group,,,,"Big Data, Python, MLflow, PostgreSQL, Kubernetes, Gitlab",От 3 до 6 лет,False,,
Machine Learning Specialist,ПИК-специализированный застройщик,,,,,От 3 до 6 лет,False,,
Аналитик по машинному обучению,Управляющая компания Первая,,,,,От 1 года до 3 лет,False,,
ML-инженер (машинное обучение),Группа Компаний Мегамикс,,,,,От 3 до 6 лет,False,,
Senior Computer Vision Engineer,СБЕР,,,,,От 3 до 6 лет,False,,
NLP Engineer LLM,The Skolkovo Institute of Science and Technology,,,,"LLM, Python, PyTorch, Transformers, Docker, RAG, Numpy, pandas",От 3 до 6 лет,True,,
Lead ML Engineer,STARTRIBE LTD,,,,,Более 6 лет,False,,
Data Scientist в команду антифрода,АВИТО ТЕХ,,,,,От 3 до 6 лет,False,,
DevOps (SL Soft AI) инженер,SL Soft,,,,"DevOps, GitLab CI, Linux, Kubernetes, Docker, Kafka, PostgreSQL, MongoDB, Ansible, Python",От 3 до 6 лет,False,,
Middle Python-разработчик (AI),СОГАЗ,,,,"Python, CI/CD, Docker",От 1 года до 3 лет,False,,
NLP Researcher (LLM),МФТИ,200000,400000,RUR,,От 3 до 6 лет,False,,
Python-разработчик,HR GROW,300000,400000,RUR,"Python, SQL, Big Data",От 3 до 6 лет,False,,
Lead Senior Data Science / Machine Learning (NLP) инженер в QuantumSoft,КвантумСофт,500000,1000000,RUR,"Machine Learning, ML, AI, NLP, LLM, Deep Learning, Data Science, Data Scientist, Natural Language Processing Engineer",Более 6 лет,False,,
Quantitative Researcher,"Hi, Rockits!",,,,"Python, C++",От 3 до 6 лет,False,,
Data Scientist / ML-инженер,Медиалогия,,,,"Python, ML, NLP, Deep Learning, Машинное обучение, pandas, Numpy, Hadoop, Spark, sklearn, CatBoost, CV",От 3 до 6 лет,False,,
ML Engineer (Multimodal LLM),СБЕР,,,,,От 3 до 6 лет,False,,
MLOps (Senior),Компания БКС,,,,,От 3 до 6 лет,False,,
Младший системный инженер,Karma,,40000,RUR,"Linux, Ubuntu Server",Нет опыта,False,,
Бизнес-аналитик (ИИ-агент),Ростелеком Информационные Технологии,,,,,От 1 года до 3 лет,False,,
Data Scientist (антифрод модели),Data-Driven Lab,,,,"Data Science, Machine Learning, Математическое моделирование, Прогнозирование, Математическая статистика, Python, Машинное обучение",От 1 года до 3 лет,False,,
Senior ML Engineer (со знанием английского языка),Новео,,,,"Python, Английский язык, Machine Learning, AWS",От 3 до 6 лет,False,,
Разработчик Oracle,USETECH,,,,"ORACLE, Oracle Pl/SQL, SQL",Более 6 лет,False,,
Chief Technology Officer (CTO) / Технический директор,Ямми Груп,,,,,От 3 до 6 лет,False,,
Senior MLOps,ГНИВЦ,,,,"Kubernetes, Docker, MLflow, Kubeflow, PyTorch, TensorFlow, Apache Kafka, Prometheus, ELK, Grafana, Python",Более 6 лет,False,,
Team Lead MLOps,Звук,,,,"MLOps, ClearML, Apache Airflow, Triton",От 3 до 6 лет,False,,
"Middle ML/NLP Engineer в [Прогрессоры, МТС Веб Сервисы]",МТС,,,,"Python, PostgreSQL, FastAPI",От 1 года до 3 лет,False,,
ИТ лидер DS/ML (Домен ИИ),Т1,,,,"LLM, NLP, Computer Vision, ML, MLOps, BigData",От 3 до 6 лет,True,,
Разработчик AI решений (Python),ИЦ АЙ-ТЕКО,,230000,RUR,Python,От 3 до 6 лет,False,,
Senior Data Scientist (Центр розничного риск-моделирования),СБЕР,,,,,От 3 до 6 лет,False,,
Senior ML/LLM-инженер в поддержку Фантеха,Яндекс,,,,"Python, LLM, AI, RAG, ML, Deep Learning",Более 6 лет,False,,
Senior MLOps Engineer,DatsTeam,,,,,Более 6 лет,False,,
Senior Data Scientist (NLP/LLM),Циан,,,,"Python, SQL, NLP, LLM, Big Data",От 3 до 6 лет,False,,
DevOps специалист в команду MlOps,HeadHunter,,,,"DevOps, k8s, Python, CI/CD, Ansible, Docker, Ubuntu, Jenkins, ArgoCD, ML",Более 6 лет,False,,
IT-сорсер,Яндекс,,70000,RUR,,Нет опыта,False,,
Старший инженер машинного обучения в Автоматизацию коммуникаций,WILDBERRIES,,,,"Python, PyTorch, Deep Learning",От 3 до 6 лет,False,,
Data & ML QA testing engineer,Альфа-Банк,,,,,От 3 до 6 лет,False,,
ML Engineer,Компания БКС,,,,,От 3 до 6 лет,False,,
Middle RAG-инженер,СОГАЗ,,,,,От 1 года до 3 лет,True,,
SRE-инженер,USETECH,,,,"SRE, Kubernetes, K8s, Helm, Ansible",От 3 до 6 лет,False,,
Senior Data Scientist (Rec. system),Okko,,,,"Python, SQL, Deep Learning, ML",От 3 до 6 лет,False,,
Главный специалист Группы разработки прикладных сервисов,СК СОГАЗ-Мед,230000,268000,RUR,"Python, Node.js, PostgreSQL, API, Git",От 1 года до 3 лет,False,,
"Python разработчик (Middle+), Machine Learning",SkillStaff,,,,"MLflow, Python, PostgreSQL, REST API",От 3 до 6 лет,False,,
Ведущий инженер больших данных (Data Platform и ML),БЮРО 1440,,,,"SQL, Big Data, Python, Clickhouse, PostgreSQL, Apache Kafka, Grafana, ETL, DWH, Apache Airflow, СУБД",От 3 до 6 лет,False,,
Старший разработчик ML Training Platform в AI VK,VK,,,,,От 3 до 6 лет,False,,
Data Scientist (A/B Platform),Lamoda Tech,,,,,От 3 до 6 лет,True,,
Data Engineer,Группа НЛМК,,,,"PySpark, Apache Airflow, Hadoop, Apache Kafka",От 3 до 6 лет,False,,
Senior Data Scientist (NLP) в Автоматизацию коммуникаций,WILDBERRIES,,,,"Python, PyTorch, Deep Learning",От 3 до 6 лет,False,,
Senior / Expert Computer Vision Engineer,WILDBERRIES,,,,,Более 6 лет,False,,
"DS/ML инженер, Отдел разработки математических моделей и ERP систем, Ozon Fresh",Ozon,,,,"Python, Numpy, pandas, Apache Airflow, SQL, PostgreSQL, Hadoop, Apache Spark",От 3 до 6 лет,True,,
"Tech Lead Golang [Голосовая экосистема, МТС Веб Сервисы]",МТС,,,,"Golang, gRPC, PostgreSQL, Grafana, Микросервисная архитектура, DWH, ETL, Управление командой",Более 6 лет,False,,
Middle MLOps Engineer (Recommendation Systems),WILDBERRIES,,,,,От 3 до 6 лет,False,,
Data Engineer (Senior),HuntIT,,,,"Amazon Web Services, AWS, Apache Kafka, Debezium, Flink, Spark Structured Streaming, Clickhouse, S3, iceberg",От 3 до 6 лет,False,,
MLOps Engineer [Trust and Safety],WILDBERRIES,,,,,От 3 до 6 лет,False,,
AI-инженер,Среда Возможностей,,,,,От 3 до 6 лет,True,,
Senior Deep Learning Engineer (RecSys Team),Оператор Газпром ИД,,,,"Машинное обучение, Machine Learning, Deep Learning",Более 6 лет,False,,
Middle Research Engineer (AI Algorithms & Architectures),СБЕР,,,,,От 1 года до 3 лет,False,,
"ML-инженер (Middle), финтех",SkillStaff,,,,"Python, Scikit-learn, pandas, Docker, Kubernetes, MongoDB, FastAPI",От 1 года до 3 лет,False,,
Data Engineer,Газпромбанк,,,,,От 3 до 6 лет,False,,
ML-инженер,"ГРЧЦ, ФГУП",,,,"Docker, Python, Big Data, Kubernetes, pandas, SQL, MLflow",От 1 года до 3 лет,True,,
Data Scientist / ML - инженер,ИЦ АЙ-ТЕКО,,,,,От 3 до 6 лет,False,,
Computer Vision Engineer,"САТЕЛ, Группа компаний",,,,,От 3 до 6 лет,False,,
ML-engineer (Search Alignment),СБЕР,,,,,От 3 до 6 лет,False,,
Senior Data Scientist / Machine Learning (NLP) инженер в QuantumSoft,КвантумСофт,400000,700000,RUR,"Machine Learning, ML, AI, NLP, LLM, Deep Learning, Data Science, Data Scientist, Natural Language Processing Engineer",Более 6 лет,False,,
"Middle разработчик ML (LLM, VLM, RAG)",Корпорация ЭЛАР,,,,"LLM, RAG, REST API, Linux, Docker, Python, PyTorch",От 1 года до 3 лет,False,,
Software Engineer,Reveris,4000,10000,USD,"Английский язык, SQL, Docker, Python, Node.js, HTML, React, Golang, С#, Kotlin, Linux, JavaScript, TypeScript, Ruby, C++, Java, Android, iOS",Более 6 лет,False,,
MLops engineer,Napoleon IT,,,,"LLM, LLMOps, DevOps, MLops",От 3 до 6 лет,False,,
Python разработчик (LLM),СБЕР,,,,,От 3 до 6 лет,False,,
Руководитель платформы данных и аналитики / Data Platform and Insights Manager,Крупная FMCG компания,,,,,Более 6 лет,True,,
ML Engineer (recommendations),Звук,,,,"Python, NLP, Hadoop, Machine Learning, pandas, Numpy, Docker",От 1 года до 3 лет,False,,
Junior AI Automation Engineer / Prompt Engineer,Холдем,,,,"Python, JavaScript",От 1 года до 3 лет,False,,
Senior NLP Engineer (Центр практического искусственного интеллекта),СБЕР,,,,,Более 6 лет,False,,
Product Owner / Руководитель направления «Каталог данных»,Альфа-Банк,,,,,От 3 до 6 лет,False,,
Инженер сетевой безопасности,USETECH,,,,"NGFW, сетевая безопасность, Palo Alto, СЗИ",От 3 до 6 лет,False,,
AI Engineer,Холдем,,,,,От 3 до 6 лет,False,,
Data Scientist,Холдем,,,,,От 3 до 6 лет,False,,
Технолог данных (в отдел управления данными),Mediascope,,,,"SQL, PySpark, DWH, ETL, Apache Airflow, Spark",От 3 до 6 лет,False,,
Middle Research Engineer,СБЕР,,,,,От 3 до 6 лет,False,,
NLP Engineer,Атом,,,,"Machine Learning Engineer, Data Scientist, NLP Engineer, Voice Assistant, Natural Language Processing, LLM, Python, PyTorch",От 3 до 6 лет,False,,
Разработчик симулятора,Московский метрополитен,,,,,От 3 до 6 лет,False,,
Senior ML Engineer (TTS Text-to-speech),СБЕР,,,,,От 3 до 6 лет,False,,
R&D ML-инженер,Макошь,350000,600000,RUR,"Python, Machine Learning, Computer Vision, NLP, OCR, Docker, Linux, API, PostgreSQL, TensorFlow, PyTorch",От 3 до 6 лет,False,,
"ML-инженер (Classic ML, CVM)",СОГАЗ,,,,"MLflow, SQL, Data Analysis, Docker",От 1 года до 3 лет,False,,
MLOps-ижненер,Т-Банк,,,,,От 3 до 6 лет,False,,
Senior Site Reliability Engineer (SRE),Ventra,,,,"Kubernetes, Helm, Terraform, PostgreSQL, OpenSearch, Kafka, Prometheus, Grafana, Jenkins, Kotlin/Java",От 3 до 6 лет,False,,
Senior Deep Learning Engineer в Recsys Lab,WILDBERRIES,,,,"Python, PyTorch, Hadoop, Spark",Более 6 лет,False,,
AI Infrastructure Engineer/ Инженер инфраструктуры ИИ,Топассистент,450000,,RUR,"Linux, Docker, Unix, Bash, PowerShell, Azure, Kubernetes, Helm, CI/CD, Terraform, Ansible, GitHub, Python, Golang, MLflow",От 1 года до 3 лет,False,,
ML Engineer / Computer Vision Middle / Senior,Рубиру,,,,"ML Engineer, Computer Vision, API, Python, PyTorch, TensorFlow, OpenCV, torchvision, Numpy, Scikit-learn, CNN, ResNet, transformers, FastAPI, Flask, TorchScript, ONNX, Docker, Git, OCR-системы, Tesseract, PaddleOCR",От 3 до 6 лет,False,,
Data Scientist в команду Интегрированного бизнес-планирования,X5 Tech,,,,"Python, Big Data, Data Analysis",От 3 до 6 лет,False,,
Python разработчик (LLM),СБЕР,,,,"Python, PostgreSQL, SQL, Spark, Apache Airflow",От 3 до 6 лет,False,,
Архитектор по сетевым технологиям,Softline,,,,"LAN, WAN, VLAN, STP, BGP",Более 6 лет,False,,
Senior Mlops/DevOps,Альфа-Банк,,,,,От 3 до 6 лет,False,,
Middle ML Engineer (Computer Operator),СБЕР,,,,"NLP, LLM, PyTorch, Machine Learning, Transformers",От 3 до 6 лет,False,,
AI инженер (создание и внедрение AI-агентов),СБЕР,,,,,От 3 до 6 лет,False,,
Senior/Lead NLP/PLP Researcher (GigaCode R&D),СБЕР,,,,,От 3 до 6 лет,False,,
Senior/Lead ML Engineer [CICADA8],МТС,,,,,От 3 до 6 лет,False,,
Аналитик данных [Trust & Safety],WILDBERRIES,,,,,От 3 до 6 лет,True,,
ML engineer / Data scientist,STC,,,,,От 3 до 6 лет,False,,
"Java разработчик, Поисковая платформа",Ozon,,,,"IT, Разработка поисковых технологий, Java, Apache Kafka, Redis",От 3 до 6 лет,False,,
Middle специалист по Data Science и машинному обучению (ML/AI),ИК СИБИНТЕК,,,,"Python, Linux, pandas, Numpy, PyTorch, SQL, Jupyter Notebook, Docker",От 3 до 6 лет,False,,
Research Engineer (Kandinsky),СБЕР,,,,,От 3 до 6 лет,False,,
"Data Engineer, Антифрод",Ozon,,,,"IT, Торговая площадка",От 3 до 6 лет,False,,
"Senior Java Engineer (JavaSE, algorithms, optimization)",BrainShells,5000,,USD,"Java, Java SE, MySQL, Статистический анализ, Многопоточность, Алгоритмы и структуры данных",Более 6 лет,False,,
"Senior ML Developer [MWS Octapi, МТС Веб Сервисы]",МТС,,,,Python,Более 6 лет,False,,
Effective-DL Engineer (GigaChat),СБЕР,,,,,От 3 до 6 лет,False,,
ML Engineer / ML-инженер,Excdev,,,,,От 3 до 6 лет,True,,
Senior/Lead Data Engineer,Альфа-Банк,,,,,От 3 до 6 лет,False,,
Lead/Team Lead ML (NLP),Ростелеком Информационные Технологии,,,,,От 3 до 6 лет,False,,
"Senior ML Developer [OctAPI, МТС Веб Сервисы]",МТС,,,,Python,От 3 до 6 лет,False,,
Lead Data Engineer / Руководитель группы разработки MDM,СберЗдоровье,,,,,От 3 до 6 лет,False,,
Архитектор (Data/AI),СберЗдоровье,,,,,Более 6 лет,False,,
IT Recruiter/InfoSec Recruiter (Рекрутер),WILDBERRIES,,,,,От 3 до 6 лет,False,,
Tech Product Manager,Ambersoft,2000,3000,USD,,От 3 до 6 лет,False,,
Tabular & Time Series ML-engineer,СБЕР,,,,,От 3 до 6 лет,False,,
Разработчик Python + SQL,СберЛизинг,,,,,От 3 до 6 лет,False,,
FullStack TeamLead,СБЕР,,,,,Более 6 лет,False,,
Lead AI Engineer,ARK,,,,"ML, NLP, LLM, LangChain, Guidance, PromptLayer, REST API",От 3 до 6 лет,False,,
Tech Lead — LLM Evaluation,HeadHunter,,,,"machine learning, data science, genai, llm evaluation, benchmarks, human eval, mt-bench, langchain, oss models, prompt engineering, system design, Numpy, pandas, nlp, reasoning, a/b experiments",От 3 до 6 лет,False,,
Product Manager AI,Made of Storm,200000,350000,RUR,,От 3 до 6 лет,False,,
Инженер по машинному обучению (ML Engineer),The Skolkovo Institute of Science and Technology,,,,"Машинное обучение, ML, Английский язык, Python, Machine Learning, PyTorch, Математическая статистика, Нейрофизиология, Научные исследования",От 3 до 6 лет,False,,
LLMOps-инженер,Bell Integrator Регионы,,,,,От 3 до 6 лет,True,,
AI инженер (LLM),Kaiten,,,,"NLP, SQL, RAG, LangChain, AI-agents, VLM",Более 6 лет,False,,
Lead ML Engineer,Employcity,,,,"Python, Математическая статистика, LLM, ML, CI/CD, Diffusion, GAN, Transformers",Более 6 лет,False,,
Data science/engineer (риск-моделирование),банк Раунд,,,,"pandas, logregression, LightGBM, Python, ml, feature engineering",От 3 до 6 лет,False,,
R&D engineer,ИнфоТеКС,,,,"Телеметрия, Анализ трафика, Контроль телеметрии, ML, Wireshark, Кибербезопасность, Обнаружение аномалий",От 1 года до 3 лет,False,,
ML-инженер,AUXO (Атос АйТи Солюшенс энд Сервисез),,,,,От 3 до 6 лет,False,,
"Data Analyst ""Growth""",Okko,,,,"Python, SQL, A/B тесты",От 3 до 6 лет,False,,
Специалист по внедрению искусственного интеллекта,Русский Экспресс,,,,"ChatGPT, DeepSeek, OKR, Agile",От 1 года до 3 лет,False,,
Data Scientist (процессные и финансовые модели),Банк ВТБ (ПАО),,,,"Python, SQL",От 1 года до 3 лет,False,,
Team Lead AI Research,СБЕР,,,,,Более 6 лет,False,,
ML-инженер (Направление клиентского сервиса),WILDBERRIES,,,,,От 3 до 6 лет,False,,
Senior Product Manager в Поиск и рекомендации,HeadHunter,,,,"A/B тесты, Kanban, Умение принимать решения, ML, Product Management, Управление командой",От 3 до 6 лет,False,,
Senior Python разработчик (ML команда),СБЕР,,,,,Более 6 лет,False,,
DevOps-инженер,USETECH,,,,"Linux, Nginx, HAProxy, Docker-compose, Kubernetes, Git, Ansible, Helm, SQL, NoSQL, PostgreSQL, RabbitMQ, Apache Kafka, Prometheus, Zabbix, Grafana, ELK",От 3 до 6 лет,False,,
ML-инженер,СБЕР,,,,,От 3 до 6 лет,False,,
"Специалист по разработке AI-агентов (Dify, n8n)",Совкомбанк,,,,"Python, API, Базы данных",От 1 года до 3 лет,False,,
"Старший Data Scientist, Картиночный поиск",Ozon,,,,Data Science,От 1 года до 3 лет,False,,
Data Scientist,СБЕР,,,,,От 3 до 6 лет,False,,
Lead QA engineer,Группа Компаний Рикор,,,,,От 3 до 6 лет,False,,
"Senior Аналитик в команду ""Рекомендации""",Okko,,,,"SQL, Python, A/B тесты",От 3 до 6 лет,False,,
"Старший Go разработчик, ML платформа",Ozon,,,,"IT, Разработка платформы, Go, Golang, Kubernetes, Apache Airflow, Машинное обучение",Более 6 лет,False,,
Python-разработчик,Альфа-Банк,,,,"Python, FastAPI, Bash, Kubernetes, Apache Kafka",От 3 до 6 лет,True,,
Data Governance / Data Quality Engineer,Альфа-Банк,,,,"Data Governance, Python",От 3 до 6 лет,False,,
Systems Architect,Островок,,,,"Python, Golang",Более 6 лет,False,,
Senior MLOps,Электронная торговая площадка Газпромбанка,,,,,От 3 до 6 лет,False,,
AI Business Analyst,IT-hunters,,,,"Бизнес-анализ, Стратегическое планирование, Анализ бизнес-процессов, GenAI, Постановка задач разработчикам",От 3 до 6 лет,False,,
SRE инженер в Databases,Т-Банк,,,,"Docker, Kubernetes, Python, Golang, Ansible, Gitlab, OpenStack, Grafana, Prometheus, Zabbix, Clickhouse, Greenplum, Apache Cassandra",От 3 до 6 лет,False,,
ML Engineer (инженер по машинному обучению / NLP),ВИЗ,,200000,RUR,"Python, PostgreSQL, Big Data, Data Analysis, Machine Learning, Kafka, Clickhouse",От 1 года до 3 лет,False,,
DevOps Engineer (DataSoft),Ecom.tech,,,,"ETL, CI/CD, PostgreSQL, Ansible, Grafana, Prometheus",От 3 до 6 лет,False,,
Middle+ / Senior ML-инженер,Линсофтверпродакшн,220000,330000,RUR,"Big Data, pandas, Математическая статистика, SQL, Git, ETL, Hadoop, Java, Python, Groovy, Atlassian Jira, Atlassian Confluence",Более 6 лет,True,,
Ведущий инженер-программист OpenCV,НПО ПКРВ,,,,,От 3 до 6 лет,False,,
ML-инженер в команду внедрения LLM-агентов,Т-Банк,,,,"NLP, LLM, ЛЛМ",От 3 до 6 лет,False,,
ML-инженер в области Generative CV,Т-Банк,,,,"PyTorch, Python, Stable Diffusion, Computer Vision, Flux, LoRа, ControlNet, Generative CV, GenAI, Generative AI",От 3 до 6 лет,False,,
ML-инженер в Центр технологий искусственного интеллекта,Т-Банк,,,,"PyTorch, Python, Deep Learning, NLP, RecSys, Speech, LLM, Classical Ml",От 3 до 6 лет,False,,
"Стажёр-Data Engineer, команда MLOps, Ozon Tech",Ozon,,,,"IT, Разработка поисковых технологий",Нет опыта,False,,
Full-stack Software Engineer (R&D),Robusta,,,,"Python, Angular, JavaScript, REST API, CI/CD, React, Golang, Redux, PostgreSQL, Kafka, Less",Более 6 лет,False,,
Machine Learning Engineer в команду anti-DDoS,VK,,,,"Python, Алгоритмы и структуры данных, PyTorch, TensorFlow, Scikit-learn",От 3 до 6 лет,False,,
Machine Learning Engineer в AI VK,VK,,,,"Python, Алгоритмы и структуры данных",От 3 до 6 лет,False,,
NLP-инженер,Норникель,,,,"MLflow, Аналитическое мышление, llm, CustDev, NLP, AI, data science",От 3 до 6 лет,False,,
Team Lead NLP Engineer,Норникель,,,,"Аналитическое мышление, data science, llm, CustDev, NLP, ML, Python, Big Data, Обучение и развитие, Управление командой, Организаторские навыки",От 3 до 6 лет,False,,
Tech Lead Gen AI (MWS AI),МТС,,,,"Team management, Управление командой, Python, Архитектурные решения",Более 6 лет,False,,
Prompt-инженер,Точка Банк,,320000,RUR,,От 1 года до 3 лет,False,,
Продуктовый аналитик (GigaChat Data Alignment),СБЕР,,,,"Python, Продуктовые метрики, Tableau",От 3 до 6 лет,False,,
Разработчик систем машинного зрения (CV engineer),Норникель,,,,,От 1 года до 3 лет,False,,
ML-инженер,Корпорация Галактика,,,,,От 3 до 6 лет,False,,
Middle+/Senior ML Engineer (RecSys Team),Оператор Газпром ИД,,,,"Машинное обучение, Machine Learning, Deep Learning",От 3 до 6 лет,False,,
Инженер по машинному обучению,JSA Group,,,,,От 3 до 6 лет,False,,
ML engineer / Data Scientist,WILDBERRIES,,,,"Python, Docker, Apache Airflow, Clickhouse, Greenplum, Deep Learning, Reinforcement Learning, Machine Learning, PySpark, динамическое ценообразование",От 3 до 6 лет,False,,
Ведущий Data Engineer,VK,,,,"PostgreSQL, Clickhouse, Hadoop, S3, DWH, OLAP, ETL, ELT, SQL, NoSQL, trino, dbt, Data Governance, Data Catalog, OpenMetadata, DataHub, Atlas, DataOps, Kubernetes, BI, Data Mesh, Data Fabric, ML",Более 6 лет,False,,
Senior ML engineer (GigaCode),СБЕР,,,,,Более 6 лет,False,,
Senior Deep Learning Research Engineer (Kandinsky),СБЕР,,,,,Более 6 лет,False,,
DevOps/MLOps инженер,"МАГНИТ, Розничная сеть",,,,"Docker, Kubernetes, Terraform, Grafana, Prometheus, CI/CD",От 3 до 6 лет,False,,
Руководитель проектов по компьютерному моделированию,Норникель,,,,"металлы платиновой группы, Методы исследования химического состава, схемы синтеза, наноматериалы, ORCA, VASP, LAMMPS, Desmond (Shroedinger), LiveDesign Materials Science, Gaussian, Thermo-Calc, Деловая коммуникация, Анализ данных, Английский язык, Материаловедение, катализатор, катализаторы, сплав",Более 6 лет,True,,
Ведущий DevOps-инженер,Gotcha!,,350000,RUR,"DevOps, Gitlab, Docker, Kubernetes",Более 6 лет,False,,
Бизнес-аналитик (AI/ML),Цифровые технологии и платформы,,,,,От 3 до 6 лет,False,,
Senior Backend Engineer (Python) / ML Specialist,"Wakie, Inc.",,,,"Python, MongoDB, REST API, PyTorch, TensorFlow, Машинное обучение, Linux, Bash, SQL, DevOps",Более 6 лет,False,,
ML-engineer (GigaChat Data),СБЕР,,,,,От 3 до 6 лет,False,,
DevOps-инженер,РСХБ-Интех,,,,"CI/CD, Linux, Docker, Kubernetes, Go, Python, Ansible, Git",От 1 года до 3 лет,False,,
Инженер по внедрению AI и разработке чат-ботов,ИЦ АЙ-ТЕКО,,250000,RUR,"Python, NLP, MLE, MLOps, API, CI/CD, LLM",Более 6 лет,False,,
Разработчик AL решений,ИЦ АЙ-ТЕКО,,220000,RUR,SQL,Более 6 лет,True,,
ML Engineer в Почту,VK,,,,,От 3 до 6 лет,False,,
Автор на дисциплину «MLOPs»,Нетология,,,,"Python, MS SQL",От 1 года до 3 лет,True,,
Store automation team lead,Ventra,,,,,От 3 до 6 лет,False,,
Middle/Senior DevOps-инженер,"Лента, федеральная розничная сеть",,,,,От 3 до 6 лет,False,,
Senior NLP/ML Engineer,Перспектива,300000,400000,RUR,"Python, Docker, function calling, structured output, tools, agents, memory, multi-agent системами, архитектура современных LLM-фреймворков: LangChain, LangGraph, LlamaIndex;а, NLP, ML",От 3 до 6 лет,False,,
"Middle Data Scientist в Golden Record [Big Data, МТС Веб Сервисы]",МТС,,,,"Python, SQL, pandas, CatBoost",От 1 года до 3 лет,False,,
Senior Data Scientist NLP | RND TeamLead в LegaTech,СБЕР,,,,,От 3 до 6 лет,False,,
Senior Computer Vision engineer,Эвокарго,,,,"C++, Python, PyTorch, Deep Learning, Computer Vision, Data Science",От 3 до 6 лет,False,,
Pre middle NLP/ML Engineer,Перспектива,100000,200000,RUR,"Python, LangChain, Docker, BERT, GPT, Опыт создания AI-агентов, MLflow",От 1 года до 3 лет,True,,
Senior ML-инженер по генеративному ИИ\Diffusion (MWS AI),МТС,,,,PyTorch,От 3 до 6 лет,False,,
"Senior ML-инженер (search engine, NLP)",Оператор Газпром ИД,,,,"NLP, Python, Машинное обучение, Deep Learning, Machine Learning",От 3 до 6 лет,False,,
Data Engineer (Операционные риски),СБЕР,,,,,От 1 года до 3 лет,True,,
Инженер по автоматизации (Python),YADRO,,,,"Python, FastAPI, API, pandas, Numpy, Apache Kafka, RabbitMQ, Linux, Docker, Pytest",От 3 до 6 лет,False,,
MLOps-инженер,Точка Банк,,550000,RUR,,От 3 до 6 лет,False,,
Senior ML Engineer (GigaPlatform Audio),СБЕР,,,,,От 3 до 6 лет,False,,
ML engineer (Kandinsky),СБЕР,,,,,От 1 года до 3 лет,False,,
Technical Project Manager,ICVR,,,,,Более 6 лет,False,,
Senior Data Scientist (A/B Platform),Lamoda Tech,,,,"Hadoop, Apache Hive, Apache Spark, Apache Airflow, SQL, Python, A/B тесты",От 3 до 6 лет,True,,
Специалист по внедрению искусственного интеллекта,КОМИТАС,,,,,От 1 года до 3 лет,True,,
ML-инженер,Центральный банк Российской Федерации (Банк России),,,,"SQL, Python, Gitlab, GitLab CI, Prometheus, PostgreSQL, Kafka",От 3 до 6 лет,False,,
"Технический писатель, Платформа, Команда разработки ITC",Ozon,,,,"IT, Разработка платформы",От 3 до 6 лет,False,,
Технический менеджер проектов YTsaurus (разработка ML Platform),Яндекс,,,,"ML, Управление проектами",Более 6 лет,False,,
Senior/Lead NLP/PLP Researcher (GigaCode R&D),СБЕР,,,,,От 3 до 6 лет,False,,
ML engineer (Kandinsky),СБЕР,,,,,От 3 до 6 лет,False,,
ML-инженер команда TTS,СБЕР,,,,,От 3 до 6 лет,False,,
AI/LLM инженер,ALP GROUP,,,,"Английский язык, AI, LLM, ML, Machine Learning, GPT, TensorFlow, STT, TTS, ИИ, RAG, Retrieval-Augmented Generation, Keras, PyTorch, Scikit-learn",От 3 до 6 лет,True,,
MLOps Инженер (Лаборатория ИИ),РСХБ-Интех,,,,"Python, Docker, FastAPI, MLflow, Apache Kafka",От 3 до 6 лет,False,,
Инженер машинного обучения (MLE/MLOps) в Балансировку спроса-предложения,WILDBERRIES,,,,"Python, PySpark, Apache Airflow, MLflow, Docker, Kubernetes",От 3 до 6 лет,False,,
ML-инженер GenOps,МегаФон,,,,,От 3 до 6 лет,False,,
Координатор образовательных курсов ML,Т-Банк,,,,,От 1 года до 3 лет,False,,
Системный Архитектор AI/ML,Rubytech,,,,,Более 6 лет,False,,
Data Scientist в команду страхования и инвестиционного бизнеса,СК Сбербанк страхование жизни,,,,,От 3 до 6 лет,False,,
Data Scientist страхования и инвестиционного бизнеса,СК Сбербанк страхование жизни,,,,,От 3 до 6 лет,False,,
Дата-инженер AI/ML,Rubytech,,,,"Датаинженер, Arenadata DB",От 3 до 6 лет,False,,
Security Engineer,Т-Банк,,,,"Аудит информационной безопасности, ИТ-инфраструктура, Администрирование серверов, Администрирование сетевого оборудования",От 3 до 6 лет,True,,
Product/Продакт-менеджер в Trust&Safety,HeadHunter,,,,,От 3 до 6 лет,False,,
DevOps-инженер,ГБУЗ «Научно-практический клинический центр диагностики и телемедицинских технологий ДЗМ»,,,,,От 1 года до 3 лет,False,,
"Senior ML Engineer [ID KYC, МТС Веб Сервисы]",МТС,,,,"Python, Docker, Linux, MLflow",От 3 до 6 лет,False,,
"Старший Python-разработчик, ML платформа",Ozon,,,,"IT, Разработка платформы, Python, ML",От 3 до 6 лет,False,,
Deep Learning Lead в команду ML Planning,Navio (ООО Автотех),,,,,От 3 до 6 лет,False,,
Deep Learning Engineer (Middle),Navio (ООО Автотех),,,,,От 1 года до 3 лет,False,,
Senior DL Engineer (diffusion models),Navio (ООО Автотех),,,,,От 3 до 6 лет,False,,
Senior ML-инженер,Spice IT,,,,"А/В тест, Python, PyTorch, Scikit-learn, PostgreSQL, MongoDB, Clickhouse, Redis, Английский язык",От 3 до 6 лет,True,,
Ведущий ML инженер,СБЕР,,,,,От 3 до 6 лет,False,,
Runtime Security Engineer,Т-Банк,,,,"Container security, Linux, Kubernetes, OpenStack, Golang, Информационная безопасность, Zero Trust, CI/CD",От 3 до 6 лет,False,,
DevOps Engineer,Vortex,,,,,От 3 до 6 лет,False,,
R&D AI Engineer,DSSL,,,,"Linux, Python, PyTorch, OpenCV, MLflow",Более 6 лет,False,,
Разработчик AI решений,ИЦ АЙ-ТЕКО,,,,,От 1 года до 3 лет,False,,
Data Engineer,Компания БКС,,,,,От 1 года до 3 лет,False,,
"Middle Data Scientist, RecSys, Ozon Банк",Ozon,,,,Data Science,От 1 года до 3 лет,False,,
"Senior Data Scientist, RecSys, Ozon Банк",Ozon,,,,Data Science,От 3 до 6 лет,False,,
DevOps-инженер,Смарт Мил Сервис,200000,230000,RUR,"DevOps, Docker, Zabbix, Gitlab, Prometheus, Git, CI/CD, Kubernetes, Linux, Windows, ASP.NET, C#, WPF, React, Python, GitLab CI",От 3 до 6 лет,False,,
Senior/Lead Data Scientist (Computer Vision),НТехЛаб,,,,,От 3 до 6 лет,False,,
Cloud engineer/MLOps/DevOps (MWS AI),МТС,,,,,Более 6 лет,False,,
Senior NLP engineer (ООО «МВС ИИ»),МТС,,,,Python,Более 6 лет,True,,
Разработчик AI решений,ИЦ АЙ-ТЕКО,,,,,От 1 года до 3 лет,False,,
Data Scientist (Управление моделирования и исследования данных),СБЕР,,,,,Более 6 лет,False,,
ML инженер (Развитие агентности в Core LLM),СБЕР,,,,,От 3 до 6 лет,False,,
Аналитик качества пользовательского опыта,Okko,,,,"SQL, Python, A/B тесты",От 1 года до 3 лет,False,,
Senior ML Platform Engineer,РУСАЛ,,,,,Более 6 лет,False,,
Разработчик Ai решений,ИЦ АЙ-ТЕКО,,,,,От 3 до 6 лет,False,,
Middle+ ML Backend Engineer,Специализированный депозитарий ИНФИНИТУМ,,,,,От 1 года до 3 лет,False,,
Senior Computer Vision Engineer (Stable Diffusion/GAN) AI beautification App Startup,Лао Оливарес Кристина Вячеславовна,8000,,USD,"Machine Learning, Computer Vision, CV, GAN, diffusion, stable diffusion, transformers, OpenCV, Scikit-Image, FFmpeg, Python, PyTorch, image to image, img2img",От 3 до 6 лет,True,,
Инженер по работе с данными (Data Scientist) / ML-инженер,БПМСОФТ,,,,,От 1 года до 3 лет,False,,
ML-engineer (GigaChat Data),СБЕР,,,,,От 1 года до 3 лет,False,,
ML-инженер / MLops для направления AI-контроля качества данных,Альфа-Банк,,,,,От 3 до 6 лет,False,,
ML-инженер,ГКУ Инфогород,,,,,От 1 года до 3 лет,False,,
Data Scientist в команду маркетингового оптимизатора,Газпромбанк,,,,,От 3 до 6 лет,True,,
Маркетинговый аналитик,DENUM GROUP,,,,"Power BI, Tableau, Redash, SQL, Продуктовые метрики, MS Excel, A/B тесты, Python",От 3 до 6 лет,True,,
Data Scientist в команду антифрода,АВИТО ТЕХ,,,,,Более 6 лет,False,,
Ведущий инженер по разработке ML-моделей,T2,,,,"Hadoop, PySpark, Spark, ML Flow, Airflow, Python, SQL",Более 6 лет,True,,
Технический Лидер по развитию Надежности,Cloud.ru,,,,,От 3 до 6 лет,False,,
Аналитик данных,ГКУ Инфогород,,,,,От 1 года до 3 лет,True,,
Senior Deep Learning Research Engineer (Kandinsky),СБЕР,,,,,От 3 до 6 лет,False,,
Middle MLops specialist,Электронная торговая площадка Газпромбанка,,,,,От 3 до 6 лет,False,,
Middle Software Engineer,Глазков Алексей Михайлович,2000,2500,USD,"Git, SQL, Python, TypeScript, PHP, REST",От 1 года до 3 лет,False,,
TeamLead AI-HUB-a,СБЕР,,,,,От 3 до 6 лет,False,,
MLOps инженер (Ozon Банк),Ozon,,,,"Python, Финансы, IT, Kafka, Kubernetes, MLOps, Apache Airflow, MLflow, Hadoop, Prometheus, Data engineer",От 3 до 6 лет,False,,
ML инженер с опытом создания 3D моделей в строительстве,Napoleon IT,,,,"Docker, Kubernetes, Terraform, DevOps, Docker-compose, CI/CD",Более 6 лет,False,,
Data Science,Скала^р,,,,,От 3 до 6 лет,False,,
Архитектор по работе с партнёрами в Yandex Cloud,Яндекс,,,,,Более 6 лет,False,,
Technical Product Owner (команда GigaCode),СБЕР,,,,,От 3 до 6 лет,False,,
TeamLead AI-HUB-a,СБЕР,,,,,Более 6 лет,False,,
Junior Devops в AI-Hub,СБЕР,,,,,От 1 года до 3 лет,False,,
Data Scientist / ML Engineer,РБ,250000,300000,RUR,,От 3 до 6 лет,False,,
LLMops-ижненер,ГК Орбита,,,,,От 3 до 6 лет,True,,
Application Security Engineer,Т-Банк,,,,"Application Security, OWASP, Pentest",От 3 до 6 лет,False,,
ML Engineer,ITFB Group,,,,,От 1 года до 3 лет,False,,
DevOps (Инженер ПО),USETECH,,,,,От 3 до 6 лет,True,,
Главный системный администратор РЦОД,USETECH,,,,,От 3 до 6 лет,False,,
Lead ML Engineer (AI Tech Lead),Джемини Софт,,,,,Более 6 лет,False,,
LLMOps-инженер,ГК Орбита,,,,,От 3 до 6 лет,True,,
"Data Scientist (NLP, RAG)",БФТ-Холдинг,,,,"Python, SQL, Apache Airflow",От 3 до 6 лет,False,,
Junior Data Scientist,Управляющая компания РОСНАНО,,,,"Python, SQL, Data Science",От 1 года до 3 лет,False,,
Разработчик Ai решений (Middle+),ИЦ АЙ-ТЕКО,,,,,От 1 года до 3 лет,False,,
Senior ML-инженер (LLM и речевые технологии),СБЕР,,,,,Более 6 лет,False,,
Middle Product Manager (Портал «Рамблер»),Rambler&Co,,,,,От 1 года до 3 лет,False,,
MLOps Engineer,Lamoda Tech,,,,"Kubernetes, Docker, Helm, Spark, Apache Airflow, Python, Linux, Terraform, Ansible",От 1 года до 3 лет,False,,
Пресейл-инженер / Технический специалист по IT-оборудованию,А-Смарт Технологии,100000,140000,RUR,Техническая документация,От 1 года до 3 лет,False,,
ML-engineer (LLM и с мультимодальными моделями) в GigaChat,СБЕР,,,,,От 1 года до 3 лет,False,,
Аналитик команды Core,Okko,,,,"SQL, Python, A/B тесты",От 3 до 6 лет,False,,
Hadoop инженер (Трайб Data Office),АО «ОТП Банк» (JSC «OTP Bank»),,,,,От 3 до 6 лет,False,,
"Technical Presale Engineer — Server & AI Accelerators, Enterprise components",Born Alderman Group,180000,250000,RUR,,От 3 до 6 лет,False,,
Разработчик рекомендательной системы / ML-Engineer (Senior),Иви,,,,"Python, SQL, Spark, Bash, Базы данных, ML",От 3 до 6 лет,False,,
Data Engineer,СОГАЗ,,,,,От 3 до 6 лет,False,,
NLP-разработчик в Браузер,Яндекс,,,,,От 3 до 6 лет,False,,
Data scientist (ML Engineer),РЖД - Цифровые пассажирские решения,,,,"Python, SQL, Git, Docker, MLflow, Linux, Unix, Pipeline, Prometheus, Grafana, Jupyter Notebook, Jupiter",От 3 до 6 лет,False,,
Tech Lead ML платформы,WILDBERRIES,,,,,От 3 до 6 лет,False,,
MLops (ML Inference Engineer),WILDBERRIES,,,,"Spark, Python, MLOps, K8S, S3, Docker, Airflow, Triton, CI/CD, Trino, Redis, PostgreSQL, Clickhouse, Kafka, Prometheus, Grafana, JupyterHu",От 3 до 6 лет,False,,
Senior ML Engineer (Promo),"МАГНИТ, Розничная сеть",,,,"Python, SQL, Apache Airflow, Clickhouse, Greenplum",От 3 до 6 лет,False,,
PreSale - Инженер Machine Learning / Бизнес - аналитик,Дабл Ап,,120000,RUR,,От 1 года до 3 лет,False,,
Junior CV инженер (data scientist),Кронослаб,,,,,От 1 года до 3 лет,False,,
Руководитель программы по машинному зрению (Computer Vision Program Lead),ARK,,,,"Computer Vision, Честный Знак, Waterfall, Agile, Жизненный цикл проекта",От 3 до 6 лет,False,,
"Middle, ML-инженер CV, ML",СБЕР,,,,,От 1 года до 3 лет,False,,
ML-инженер (рекомендательная система),Rambler&Co,,,,,От 1 года до 3 лет,False,,
"ML-инженер (Middle), страхование",SkillStaff,,,,"Python, Linux, SQL, Docker",От 3 до 6 лет,False,,
"Senior Python/Django разработчик в EdTech (архитектура, highload)",Электронные платформы,400000,,RUR,"Python, Django, Django Rest Framework, DRF, Celery, Docker, PostgreSQL, Redis, Git, Kubernetes, aiohttp, JavaScript, TypeScript, backend developer, senior developer, highload, ИТ-архитектура, distributed systems, microservices, code review, Работа в команде, DevOps, REST API, API design, async programming",От 3 до 6 лет,False,,
Team Lead​​​​​​​ Data Scientist (Search & Recommendation),Циан,,,,"ml, Big Data, Hadoop, Python, SQL",Более 6 лет,False,,
Data engineer (Python Hadoop Spark),X5 Tech,,,,"Python, Spark, Hadoop",От 3 до 6 лет,False,,
Senior Research Engineer (Multimodal Diffusion & RLHF),СБЕР,,,,,От 3 до 6 лет,False,,
Разработчик Ai решений,ИЦ АЙ-ТЕКО,,,,,От 3 до 6 лет,True,,
Data Engineer/Дата-инженер,Кронослаб,,,,,От 1 года до 3 лет,False,,
Data Scientist,АльфаСтрахование,,,,,От 3 до 6 лет,False,,
SRE-инженер,Bell Integrator Регионы,,,,"Grafana, Zabbix, Kubernetes, Kafka, Ansible, Hadoop, Python",От 3 до 6 лет,False,,
Data Scientist / ML-инженер (Тераплан),YADRO,,,,,От 3 до 6 лет,False,,
Разработчик AI решений,ИЦ АЙ-ТЕКО,,220000,RUR,,От 1 года до 3 лет,False,,
ML Engineer (Anomaly Detection RnD),Яндекс,,,,"Python, Deep Learning, MLflow, C++, Java",От 3 до 6 лет,False,,
System Analyst,СБЕР,,,,,От 3 до 6 лет,False,,
Senior data engineer,СБЕР,,,,,От 3 до 6 лет,False,,
Data Scientist,ANCOR,,,,"PyTorch, recsys, SQL, Python, postgres, ml, data scince",От 3 до 6 лет,False,,
Data Engineer (senior/middle),WILDBERRIES,,,,"Spark, Big Data, Hadoop, s3, Greenplum, Clickhouse",От 3 до 6 лет,False,,
Старший ML инженер (Python),Ozon,,,,"IT, Поисковые технологии, data science",От 3 до 6 лет,False,,
Senior DL-engineer (Центр Исследований),СБЕР,,,,,Более 6 лет,False,,
Product Manager – AI,Made of Storm,3000,5000,EUR,,От 3 до 6 лет,False,,
Senior NLP Engineer (Центр практического искусственного интеллекта),СБЕР,,,,,Более 6 лет,False,,
Middle LLM инженер,Аналитический центр при Правительстве Российской Федерации,,,,,От 1 года до 3 лет,True,,
Senior ML Engineer (RecSys),Innovative People,,,,,От 3 до 6 лет,False,,
LLMOps-инженер,Outlines Technologies,,458000,RUR,"MLOps, LLMOps, Kubernetes, Docker, Python, LLM, ML",От 3 до 6 лет,True,,
Middle ML engineer в KION [МТС Веб Сервисы],МТС,,,,"Python, SQL, Docker, PySpark, PyTorch, Apache Airflow",От 3 до 6 лет,False,,
Senior ML Engineer (TTS Text-to-speech),СБЕР,,,,,От 3 до 6 лет,False,,
Middle Fullstack ML Engineer (GigaChat Audio распознавание речи),СБЕР,,,,,От 1 года до 3 лет,False,,
Senior / Lead Machine Learning Engineer (GigaChat Audio - Spotter),СБЕР,,,,,От 3 до 6 лет,False,,
Deep Learning Engineer (ASR),СБЕР,,,,,От 3 до 6 лет,False,,
LLM Researcher / Engineer,МФТИ,150000,,RUR,"LLM-Agent, AI-Agent, Multi-Agent Systems, Co-Pilots, LLM, VLM, Langchain, Langgraph, Autogen, Prompt Engineering, RAG, SFT, Alignment, Python, PyTorch, Docker, Git, ClearML",Нет опыта,True,,
Senior SRE-инженер (ML),Альфа-Банк,,,,,От 3 до 6 лет,False,,
"Старший Data Scientist, Эффективность рекламы",Ozon,,,,"IT, поиск, Python, ML, Hadoop, Spark, Yarn, Hive, HDFS, MLflow, Разработка поисковых технологий, Data Science",От 3 до 6 лет,False,,
Менеджер DevRel (ML Stream),Т-Банк,,,,,От 3 до 6 лет,False,,
Ведущий ML инженер,СБЕР,,,,,От 3 до 6 лет,False,,
Machine Learning engineer (Python),Атлас,,400000,RUR,"Python, PyTorch, SQL, MongoDB, Clickhouse, NLP, Redis",От 3 до 6 лет,False,,
"С++ Программист (ML Engineer / Data Scientist, видеоаналитик)",НЭПТ,200000,350000,RUR,"C++, Qt, Python, OpenCV, Computer Vision, TensorFlow, Yolo, MMDetection",От 3 до 6 лет,False,,
Chief Information Officer (CIO) (FinTech),Inwizo,,,,,От 3 до 6 лет,False,,
ML engineer / Data scientist,Константа,,,,,От 3 до 6 лет,False,,
"Senior ML Engineer (Uplift), группа ""Search""",Okko,,,,"ML, uplift, SQL, Python",От 3 до 6 лет,False,,
"Аналитик-разработчик в команду ""Платформа экспериментов""",Okko,,,,"Python, SQL, A/B тесты",От 3 до 6 лет,False,,
"Аналитик-разработчик команда ""Поиск"" (middle+/senior)",Okko,,,,"SQL, Python, A/B тесты",От 3 до 6 лет,False,,
